{"result":[{"scriptId":"1091","url":"file:///Users/chrisminnick/code/src/github.com/chrisminnick/professional-reactjs-1/solutions-dev/react-bookstore/tests/setup.ts","functions":[{"functionName":"","ranges":[{"startOffset":0,"endOffset":1601,"count":1}],"isBlockCoverage":true},{"functionName":"","ranges":[{"startOffset":13,"endOffset":1601,"count":1}],"isBlockCoverage":true},{"functionName":"","ranges":[{"startOffset":639,"endOffset":683,"count":1}],"isBlockCoverage":true}]},{"scriptId":"1707","url":"file:///Users/chrisminnick/code/src/github.com/chrisminnick/professional-reactjs-1/solutions-dev/react-bookstore/src/components/Cart.test.jsx","functions":[{"functionName":"","ranges":[{"startOffset":0,"endOffset":2667,"count":1}],"isBlockCoverage":true},{"functionName":"","ranges":[{"startOffset":13,"endOffset":2667,"count":1}],"isBlockCoverage":true},{"functionName":"","ranges":[{"startOffset":935,"endOffset":1469,"count":1}],"isBlockCoverage":true},{"functionName":"","ranges":[{"startOffset":981,"endOffset":1465,"count":1}],"isBlockCoverage":true}]},{"scriptId":"1711","url":"file:///Users/chrisminnick/code/src/github.com/chrisminnick/professional-reactjs-1/solutions-dev/react-bookstore/src/components/Cart.jsx","functions":[{"functionName":"","ranges":[{"startOffset":0,"endOffset":2891,"count":1}],"isBlockCoverage":true},{"functionName":"","ranges":[{"startOffset":13,"endOffset":2891,"count":1}],"isBlockCoverage":true},{"functionName":"Cart","ranges":[{"startOffset":447,"endOffset":1558,"count":5}],"isBlockCoverage":true},{"functionName":"","ranges":[{"startOffset":871,"endOffset":1192,"count":0}],"isBlockCoverage":false},{"functionName":"","ranges":[{"startOffset":1247,"endOffset":1300,"count":0}],"isBlockCoverage":false}]},{"scriptId":"1712","url":"file:///Users/chrisminnick/code/src/github.com/chrisminnick/professional-reactjs-1/solutions-dev/react-bookstore/src/components/CartItem.jsx","functions":[{"functionName":"","ranges":[{"startOffset":0,"endOffset":1364,"count":1}],"isBlockCoverage":true},{"functionName":"","ranges":[{"startOffset":13,"endOffset":1364,"count":1}],"isBlockCoverage":true},{"functionName":"CartItem","ranges":[{"startOffset":326,"endOffset":695,"count":0}],"isBlockCoverage":false}]}]}