{"result":[{"scriptId":"1091","url":"file:///Users/chrisminnick/code/src/github.com/chrisminnick/professional-reactjs-1/solutions-dev/react-bookstore/tests/setup.ts","functions":[{"functionName":"","ranges":[{"startOffset":0,"endOffset":1601,"count":1}],"isBlockCoverage":true},{"functionName":"","ranges":[{"startOffset":13,"endOffset":1601,"count":1}],"isBlockCoverage":true},{"functionName":"","ranges":[{"startOffset":639,"endOffset":683,"count":1}],"isBlockCoverage":true}]},{"scriptId":"1707","url":"file:///Users/chrisminnick/code/src/github.com/chrisminnick/professional-reactjs-1/solutions-dev/react-bookstore/src/components/CartItem.test.jsx","functions":[{"functionName":"","ranges":[{"startOffset":0,"endOffset":2709,"count":1}],"isBlockCoverage":true},{"functionName":"","ranges":[{"startOffset":13,"endOffset":2709,"count":1}],"isBlockCoverage":true},{"functionName":"","ranges":[{"startOffset":943,"endOffset":1479,"count":1}],"isBlockCoverage":true},{"functionName":"","ranges":[{"startOffset":989,"endOffset":1475,"count":1}],"isBlockCoverage":true}]},{"scriptId":"1711","url":"file:///Users/chrisminnick/code/src/github.com/chrisminnick/professional-reactjs-1/solutions-dev/react-bookstore/src/components/CartItem.jsx","functions":[{"functionName":"","ranges":[{"startOffset":0,"endOffset":1364,"count":1}],"isBlockCoverage":true},{"functionName":"","ranges":[{"startOffset":13,"endOffset":1364,"count":1}],"isBlockCoverage":true},{"functionName":"CartItem","ranges":[{"startOffset":326,"endOffset":695,"count":1}],"isBlockCoverage":true}]}]}