{"result":[{"scriptId":"1090","url":"file:///Users/chrisminnick/code/src/github.com/chrisminnick/professional-reactjs-1/solutions-dev/react-bookstore/tests/setup.ts","functions":[{"functionName":"","ranges":[{"startOffset":0,"endOffset":1601,"count":1}],"isBlockCoverage":true},{"functionName":"","ranges":[{"startOffset":13,"endOffset":1601,"count":1}],"isBlockCoverage":true},{"functionName":"","ranges":[{"startOffset":639,"endOffset":683,"count":1}],"isBlockCoverage":true}]},{"scriptId":"1707","url":"file:///Users/chrisminnick/code/src/github.com/chrisminnick/professional-reactjs-1/solutions-dev/react-bookstore/src/components/Footer.test.jsx","functions":[{"functionName":"","ranges":[{"startOffset":0,"endOffset":2695,"count":1}],"isBlockCoverage":true},{"functionName":"","ranges":[{"startOffset":13,"endOffset":2695,"count":1}],"isBlockCoverage":true},{"functionName":"","ranges":[{"startOffset":939,"endOffset":1477,"count":1}],"isBlockCoverage":true},{"functionName":"","ranges":[{"startOffset":985,"endOffset":1473,"count":1}],"isBlockCoverage":true}]},{"scriptId":"1711","url":"file:///Users/chrisminnick/code/src/github.com/chrisminnick/professional-reactjs-1/solutions-dev/react-bookstore/src/components/Footer.jsx","functions":[{"functionName":"","ranges":[{"startOffset":0,"endOffset":1862,"count":1}],"isBlockCoverage":true},{"functionName":"","ranges":[{"startOffset":13,"endOffset":1862,"count":1}],"isBlockCoverage":true},{"functionName":"Footer","ranges":[{"startOffset":326,"endOffset":855,"count":1}],"isBlockCoverage":true}]}]}