{"result":[{"scriptId":"1091","url":"file:///Users/chrisminnick/code/src/github.com/chrisminnick/professional-reactjs-1/solutions-dev/react-bookstore/tests/setup.ts","functions":[{"functionName":"","ranges":[{"startOffset":0,"endOffset":1601,"count":1}],"isBlockCoverage":true},{"functionName":"","ranges":[{"startOffset":13,"endOffset":1601,"count":1}],"isBlockCoverage":true},{"functionName":"","ranges":[{"startOffset":639,"endOffset":683,"count":1}],"isBlockCoverage":true}]},{"scriptId":"1707","url":"file:///Users/chrisminnick/code/src/github.com/chrisminnick/professional-reactjs-1/solutions-dev/react-bookstore/src/components/Product.test.jsx","functions":[{"functionName":"","ranges":[{"startOffset":0,"endOffset":2701,"count":1}],"isBlockCoverage":true},{"functionName":"","ranges":[{"startOffset":13,"endOffset":2701,"count":1}],"isBlockCoverage":true},{"functionName":"","ranges":[{"startOffset":941,"endOffset":1479,"count":1}],"isBlockCoverage":true},{"functionName":"","ranges":[{"startOffset":987,"endOffset":1475,"count":1}],"isBlockCoverage":true}]},{"scriptId":"1711","url":"file:///Users/chrisminnick/code/src/github.com/chrisminnick/professional-reactjs-1/solutions-dev/react-bookstore/src/components/Product.jsx","functions":[{"functionName":"","ranges":[{"startOffset":0,"endOffset":9216,"count":1}],"isBlockCoverage":true},{"functionName":"","ranges":[{"startOffset":13,"endOffset":9216,"count":1}],"isBlockCoverage":true},{"functionName":"Product","ranges":[{"startOffset":453,"endOffset":5412,"count":1},{"startOffset":1108,"endOffset":1127,"count":0},{"startOffset":4678,"endOffset":4698,"count":0}],"isBlockCoverage":true},{"functionName":"handleClick","ranges":[{"startOffset":626,"endOffset":768,"count":0}],"isBlockCoverage":false}]},{"scriptId":"1712","url":"file:///Users/chrisminnick/code/src/github.com/chrisminnick/professional-reactjs-1/solutions-dev/react-bookstore/src/components/Product.module.css","functions":[{"functionName":"","ranges":[{"startOffset":0,"endOffset":1381,"count":1}],"isBlockCoverage":true},{"functionName":"","ranges":[{"startOffset":13,"endOffset":1381,"count":1}],"isBlockCoverage":true},{"functionName":"get","ranges":[{"startOffset":261,"endOffset":331,"count":2}],"isBlockCoverage":true}]}]}