{"result":[{"scriptId":"1091","url":"file:///Users/chrisminnick/code/src/github.com/chrisminnick/professional-reactjs-1/solutions-dev/react-bookstore/tests/setup.ts","functions":[{"functionName":"","ranges":[{"startOffset":0,"endOffset":1601,"count":1}],"isBlockCoverage":true},{"functionName":"","ranges":[{"startOffset":13,"endOffset":1601,"count":1}],"isBlockCoverage":true},{"functionName":"","ranges":[{"startOffset":639,"endOffset":683,"count":1}],"isBlockCoverage":true}]},{"scriptId":"1707","url":"file:///Users/chrisminnick/code/src/github.com/chrisminnick/professional-reactjs-1/solutions-dev/react-bookstore/src/components/ClickCounter.test.jsx","functions":[{"functionName":"","ranges":[{"startOffset":0,"endOffset":2748,"count":1}],"isBlockCoverage":true},{"functionName":"","ranges":[{"startOffset":13,"endOffset":2748,"count":1}],"isBlockCoverage":true},{"functionName":"","ranges":[{"startOffset":951,"endOffset":1490,"count":1}],"isBlockCoverage":true},{"functionName":"","ranges":[{"startOffset":997,"endOffset":1486,"count":1}],"isBlockCoverage":true}]},{"scriptId":"1711","url":"file:///Users/chrisminnick/code/src/github.com/chrisminnick/professional-reactjs-1/solutions-dev/react-bookstore/src/components/ClickCounter.jsx","functions":[{"functionName":"","ranges":[{"startOffset":0,"endOffset":2675,"count":1}],"isBlockCoverage":true},{"functionName":"","ranges":[{"startOffset":13,"endOffset":2675,"count":1}],"isBlockCoverage":true},{"functionName":"ClickCounter","ranges":[{"startOffset":470,"endOffset":1546,"count":1}],"isBlockCoverage":true},{"functionName":"onClick","ranges":[{"startOffset":787,"endOffset":825,"count":0}],"isBlockCoverage":false}]}]}